{"About":"Tentang","About This Website":"Tentang Website","A minimalistic chat app built with MERN stack":{"":"Aplikasi obrolan minimalis yang dibangun dengan stack MERN."},"Analyze Speech and Language with Google API's by Google Cloud Platform (GCP)":{"":"Menganalisis Ucapan dan Bahasa dengan Google API dari Google Cloud Platform (GCP)."},"And Also:":"Dan Juga:","Awards & Certificates":"Penghargaan & Sertifikat","Certificates":"Sertifikat","Dart Beginner Course by Dicoding":{"":"Kursus Dart untuk Pemula oleh Dicoding."},"Find Me Here!":"Temukan Saya!","Here are some of my achievements and certificates":{"":"Berikut beberapa prestasi dan sertifikat yang telah saya dapatkan."},"Here are some of my projects that I have worked on":{"":"Berikut adalah beberapa proyek yang telah saya kerjakan."},"Here are some of the technologies I have experience with":{"":"Berikut ini adalah beberapa teknologi yang saya kuasai."},"Hire Me!":"Rekrut Saya!","Hi There! 👋":"Hai semuanya! 👋","Home":"Beranda","Intro":"Saya adalah Programmer Software dan Web berpengalaman dengan keahlian dalam pengembangan menggunakan JavaScript. Saya berkomitmen pada pembelajaran berkelanjutan dan fokus menghasilkan solusi berkualitas tinggi dalam setiap proyek yang saya kerjakan.","Javascript Course by Dicoding":{"":"Kursus Javascript oleh Dicoding."},"Making Simple App with Flutter by Dicoding":{"":"Membuat Aplikasi Sederhana dengan Flutter oleh Dicoding."},"My Projects":"Proyek Saya","My Skills":"Keahlian Saya","Other":"Lainnya","Projects":"Proyek","Scroll to see more":"Gulir untuk melihat lebih lanjut","Simple Semantic Search Engine built with Next JS, Drizzle, Vector Upstash, Neon Tech + Postgres":{"":"Mesin Pencari Semantik Sederhana yang dibangun dengan Next JS, Drizzle, Vector Upstash, Neon Tech + Postgres."},"Skills":"Keterampilan","These are the backend development technologies that I have mastered":{"":"Berikut adalah teknologi pengembangan backend yang telah saya kuasai."},"These are the basic skills that i have mastered":{"":"Berikut adalah keterampilan dasar yang telah saya kuasai."},"These are the database technologies that I have mastered":{"":"Berikut adalah teknologi basis data yang telah saya kuasai."},"These are the frontend development technologies that I have mastered":{"":"Berikut adalah teknologi pengembangan frontend yang telah saya kuasai."},"These are the mobile development technologies that I have mastered":{"":"Berikut adalah teknologi pengembangan mobile yang telah saya kuasai."},"These are the other technologies that I have mastered":{"":"Berikut adalah teknologi lainnya yang telah saya kuasai."},"This is my personal portfolio website":{" I built this website using:":"Ini adalah situs web portofolio pribadi saya. Saya membangun situs web ini menggunakan:"},"Vocational School Graduate Academy (VSGA) Junior Web Developer Training by Kominfo":{"":"Pelatihan Pengembangan Web Junior Vocational School Graduate Academy (VSGA) oleh Kominfo."},"Web Design Competition Award Winning 2024 1st place":{"":"Juara 1 Penghargaan Kompetisi Desain Web 2024."}}