{"About":"About","About This Website":"About This Website","A minimalistic chat app built with MERN stack":{"":"A minimalistic chat app built with MERN stack."},"Analyze Speech and Language with Google API's by Google Cloud Platform (GCP)":{"":"Analyze Speech and Language with Google API's by Google Cloud Platform (GCP)."},"And Also:":"And Also:","Awards & Certificates":"Awards & Certificates","Certificates":"Certificates","Dart Beginner Course by Dicoding":{"":"Dart Beginner Course by Dicoding."},"Find Me Here!":"Find Me Here!","Here are some of my achievements and certificates":{"":"Here are some of my achievements and certificates."},"Here are some of my projects that I have worked on":{"":"Here are some of my projects that I have worked on."},"Here are some of the technologies I have experience with":{"":"Here are some of the technologies I have experience with."},"Hire Me!":"Hire Me!","Hi There! 👋":"Hi There! 👋","Home":"Home","Intro":"I am an experienced Software and Web Programmer with expertise in JavaScript development. I am committed to continuous learning and focus on producing high quality solutions in every project I work on.","Javascript Course by Dicoding":{"":"Javascript Course by Dicoding."},"Making Simple App with Flutter by Dicoding":{"":"Making Simple App with Flutter by Dicoding."},"My Projects":"My Projects","My Skills":"My Skills","Other":"Other","Projects":"Projects","Scroll to see more":"Scroll to see more","Simple Semantic Search Engine built with Next JS, Drizzle, Vector Upstash, Neon Tech + Postgres":{"":"Simple Semantic Search Engine built with Next JS, Drizzle, Vector Upstash, Neon Tech + Postgres."},"Skills":"Skills","These are the backend development technologies that I have mastered":{"":"These are the backend development technologies that I have mastered."},"These are the basic skills that i have mastered":{"":"These are the basic skills that i have mastered."},"These are the database technologies that I have mastered":{"":"These are the database technologies that I have mastered."},"These are the frontend development technologies that I have mastered":{"":"These are the frontend development technologies that I have mastered."},"These are the mobile development technologies that I have mastered":{"":"These are the mobile development technologies that I have mastered."},"These are the other technologies that I have mastered":{"":"These are the other technologies that I have mastered."},"This is my personal portfolio website":{" I built this website using:":"This is my personal portfolio website. I built this website using:"},"Vocational School Graduate Academy (VSGA) Junior Web Developer Training by Kominfo":{"":"Vocational School Graduate Academy (VSGA) Junior Web Developer Training by Kominfo."},"Web Design Competition Award Winning 2024 1st place":{"":"Web Design Competition Award Winning 2024 1st place."}}